split,variable,n_extremes,preservation_rate,false_alarm_rate
seen_time_holdout,dewpoint_c,2357,0.962240135765804,0.037759864234196014
seen_time_holdout,sea_level_pressure_hpa,189,0.9788359788359788,0.021164021164021163
seen_time_holdout,temperature_c,497,0.9537223340040242,0.04627766599597585
seen_time_holdout,visibility_m,1539,0.847953216374269,0.15204678362573099
seen_time_holdout,wind_speed_ms,2753,0.890301489284417,0.109698510715583
unseen_station,dewpoint_c,1157,0.9490060501296457,0.05099394987035436
unseen_station,sea_level_pressure_hpa,556,0.9964028776978417,0.0035971223021582736
unseen_station,temperature_c,2640,0.9810606060606061,0.01893939393939394
unseen_station,visibility_m,4636,0.9178170836928387,0.08218291630716135
unseen_station,wind_speed_ms,4300,0.946046511627907,0.053953488372093024
