split,variable,method,precision,recall,f1,balanced_accuracy,false_positive_rate,n,pr_auc,roc_auc
seen_time_holdout,dewpoint_c,Rules,1.0,0.16705246913580246,0.28628099173553717,0.5835262345679012,0.0,41061,,
seen_time_holdout,dewpoint_c,Temporal,0.4047495233142659,0.4504243827160494,0.42636720533187256,0.6773542322198581,0.09571591827633302,41061,,
seen_time_holdout,dewpoint_c,Spatial,0.14236661384046487,0.10397376543209877,0.1201783723522854,0.5067350500656048,0.09050366530088914,41061,,
seen_time_holdout,dewpoint_c,IsolationForest,0.4697490092470277,0.3429783950617284,0.39647675326123316,0.6435186314300196,0.05594113220168911,41061,,
seen_time_holdout,dewpoint_c,MeteoGuard V3,0.5966763979339771,0.5125385802469136,0.5514164158970634,0.7312393266371007,0.050059926972712325,41061,0.6306123519806655,0.8145925135760487
seen_time_holdout,sea_level_pressure_hpa,Rules,1.0,0.16666666666666666,0.2857142857142857,0.5833333333333334,0.0,10677,,
seen_time_holdout,sea_level_pressure_hpa,Temporal,0.7313432835820896,0.6140350877192983,0.667574931880109,0.7871959383095996,0.03964321110009911,10677,,
seen_time_holdout,sea_level_pressure_hpa,Spatial,0.6350974930362117,0.42857142857142855,0.5117845117845118,0.6926471282269102,0.04327717211760819,10677,,
seen_time_holdout,sea_level_pressure_hpa,IsolationForest,0.4838972686506319,0.743734335839599,0.5863176092862435,0.8021611884021252,0.13941195903534853,10677,,
seen_time_holdout,sea_level_pressure_hpa,MeteoGuard V3,0.9735202492211839,0.7832080200501254,0.8680555555555556,0.8897319695008914,0.0037440810483426934,10677,0.9122360368213259,0.9505765294195736
seen_time_holdout,temperature_c,Rules,1.0,0.16666666666666666,0.2857142857142857,0.5833333333333334,0.0,41214,,
seen_time_holdout,temperature_c,Temporal,0.7203389830508474,0.36072530864197533,0.480719794344473,0.6702877167689477,0.020149875104079933,41214,,
seen_time_holdout,temperature_c,Spatial,0.35525826830174656,0.18441358024691357,0.24279365079365078,0.5681296321995045,0.04815431584790453,41214,,
seen_time_holdout,temperature_c,IsolationForest,0.501628664495114,0.47530864197530864,0.48811410459587956,0.7036826307295361,0.06794338051623647,41214,,
seen_time_holdout,temperature_c,MeteoGuard V3,0.7891424075531078,0.5804398148148148,0.6688896298766256,0.7790625385481235,0.02231473771856786,41214,0.7197275967639699,0.8527288270148676
seen_time_holdout,visibility_m,Rules,1.0,0.3296682098765432,0.4958653706658929,0.6648341049382716,0.0,41204,,
seen_time_holdout,visibility_m,Temporal,0.23697294196385887,0.9562114197530864,0.37981763849513445,0.7565482418032505,0.4431149361465852,41204,,
seen_time_holdout,visibility_m,Spatial,0.40814740814740813,0.7092978395061729,0.5181427464242937,0.7806344833288776,0.14802887284841754,41204,,
seen_time_holdout,visibility_m,IsolationForest,0.713573532744165,0.607445987654321,0.6562467437740961,0.7861771859426518,0.03509161576901721,41204,,
seen_time_holdout,visibility_m,MeteoGuard V3,0.7128046562386322,0.7559799382716049,0.7337577232727953,0.8560715904572905,0.04383675735702387,41204,0.8632737422901232,0.9726470253365757
seen_time_holdout,wind_speed_ms,Rules,1.0,0.39351851851851855,0.5647840531561462,0.6967592592592593,0.0,41213,,
seen_time_holdout,wind_speed_ms,Temporal,0.5821802935010482,0.5356867283950617,0.5579666465742416,0.7401850889192827,0.055316550556496154,41213,,
seen_time_holdout,wind_speed_ms,Spatial,0.4794908062234795,0.3269675925925926,0.3888060557403372,0.6379488105903373,0.05106997141191818,41213,,
seen_time_holdout,wind_speed_ms,IsolationForest,0.5469054106656287,0.5420524691358025,0.5444681263321062,0.7387189265660139,0.06461461600377473,41213,,
seen_time_holdout,wind_speed_ms,MeteoGuard V3,0.8597008159564823,0.7316743827160493,0.7905377240516882,0.857246889101509,0.017180604513031168,41213,0.8288103047105108,0.9100644480406559
unseen_station,dewpoint_c,Rules,1.0,0.16666666666666666,0.2857142857142857,0.5833333333333334,0.0,67833,,
unseen_station,dewpoint_c,Temporal,0.058513640639698966,0.5399305555555556,0.10558479035817349,0.6564186474169882,0.22709326072157932,67833,,
unseen_station,dewpoint_c,Spatial,0.03737864077669903,0.17824074074074073,0.06179775280898876,0.5291249086049971,0.11999092353074654,67833,,
unseen_station,dewpoint_c,IsolationForest,0.13601967461218312,0.41608796296296297,0.20501853435985173,0.6735004522476867,0.06908705846758945,67833,,
unseen_station,dewpoint_c,MeteoGuard V3,0.29405702507729303,0.49537037037037035,0.3690450528131063,0.7321417315886343,0.031086907193101882,67833,0.48924575706501444,0.8464938285611836
unseen_station,sea_level_pressure_hpa,Rules,1.0,0.16666666666666666,0.2857142857142857,0.5833333333333334,0.0,14990,,
unseen_station,sea_level_pressure_hpa,Temporal,0.5509578544061303,0.6241319444444444,0.5852665852665853,0.7908923922251128,0.04234715999421882,14990,,
unseen_station,sea_level_pressure_hpa,Spatial,0.0,0.0,0.0,0.5,0.0,14990,,
unseen_station,sea_level_pressure_hpa,IsolationForest,0.4318181818181818,0.6597222222222222,0.521978021978022,0.7937287220375455,0.07226477814713109,14990,,
unseen_station,sea_level_pressure_hpa,MeteoGuard V3,0.93,0.6458333333333334,0.7622950819672131,0.8208932528785471,0.004046827576239341,14990,0.8219030164793194,0.9376569500650385
unseen_station,temperature_c,Rules,1.0,0.16666666666666666,0.2857142857142857,0.5833333333333334,0.0,67842,,
unseen_station,temperature_c,Temporal,0.3816747572815534,0.36400462962962965,0.3726303317535545,0.6742959288753769,0.01541277187887588,67842,,
unseen_station,temperature_c,Spatial,0.026846972258128668,0.15625,0.04582095884599067,0.5041089065855946,0.14803218682881084,67842,,
unseen_station,temperature_c,IsolationForest,0.10050125313283208,0.46412037037037035,0.16522455706633704,0.677775162345847,0.10857004567867623,67842,,
unseen_station,temperature_c,MeteoGuard V3,0.5266666666666666,0.5486111111111112,0.5374149659863946,0.7678621396375958,0.012886831835919776,67842,0.5796901423665616,0.8266319367416999
unseen_station,visibility_m,Rules,1.0,0.3888888888888889,0.56,0.6944444444444444,0.0,67840,,
unseen_station,visibility_m,Temporal,0.059388861508132086,0.9762731481481481,0.11196654941262361,0.7860628204438708,0.4041475072604066,67840,,
unseen_station,visibility_m,Spatial,0.11455399061032864,0.6354166666666666,0.19411296738265713,0.7535218013875444,0.12837306389157793,67840,,
unseen_station,visibility_m,IsolationForest,0.3725558659217877,0.6174768518518519,0.4647212543554007,0.7951478523538059,0.027181147144240077,67840,,
unseen_station,visibility_m,MeteoGuard V3,0.4597582037996546,0.7702546296296297,0.5758165693272767,0.873298902423721,0.023656824782187804,67840,0.7779123572859223,0.9847372412779885
unseen_station,wind_speed_ms,Rules,1.0,0.44039351851851855,0.6114905584572118,0.7201967592592593,0.0,67840,,
unseen_station,wind_speed_ms,Temporal,0.19883678662304616,0.6331018518518519,0.30262793914246194,0.78321355903338,0.06667473378509196,67840,,
unseen_station,wind_speed_ms,Spatial,0.0614568365203935,0.32175925925925924,0.10320185614849188,0.5966628459897458,0.12843356727976768,67840,,
unseen_station,wind_speed_ms,IsolationForest,0.15097355419936065,0.6012731481481481,0.2413472706155633,0.7564464119249937,0.0883803242981607,67840,,
unseen_station,wind_speed_ms,MeteoGuard V3,0.7747318235995232,0.7523148148148148,0.7633587786259542,0.8732986223154422,0.0057175701839303,67840,0.7841129458332213,0.9300490497606755
